{"accuracy": 0.8180680871009827, "precision": 1.0, "recall": 0.10135970264673233}